Product_ID,InRange
P00000142,34
P00000242,0
P00000342,7
P00000442,1
P00000542,4
P00000642,6
P00000742,10
P00000842,0
P00000942,2
P00001042,7
P00001142,39
P00001242,1
P00001342,4
P00001442,2
P00001542,4
P00001642,28
P00001742,18
P00001842,0
P00001942,8
P00002042,5
P00002142,7
P00002242,3
P00002342,2
P00002442,20
P00002542,38
P00002642,5
P00002742,1
P00002842,1
P00002942,0
P00003042,2
P00003142,5
P00003242,52
P00003342,0
P00003442,0
P00003542,0
P00003642,35
P00003742,0
P00003842,0
P00003942,33
P00004042,0
P00004142,13
P00004242,5
P00004342,5
P00004442,1
P00004542,11
P00004642,2
P00004742,5
P00004842,9
P00004942,0
P00005042,3
P00005142,16
P00005342,0
P00005442,2
P00005542,0
P00005642,1
P00005742,11
P00005842,0
P00005942,0
P00006042,2
P00006142,19
P00006242,2
P00006342,0
P00006442,0
P00006542,4
P00006742,2
P00006842,12
P00006942,12
P00007042,1
P00007142,2
P00007242,10
P00007342,1
P00007442,0
P00007542,1
P00007642,1
P00007742,2
P00007842,0
P00007942,2
P00008042,2
P00008142,2
P00008242,0
P00008342,1
P00008442,6
P00008542,0
P00008642,0
P00008742,2
P00008842,3
P00009042,0
P00009142,2
P00009242,12
P00009342,12
P00009542,1
P00009642,0
P00009742,0
P00010042,0
P00010142,1
P00010242,27
P00010342,9
P00010442,0
P00010542,0
P00010642,1
P00010742,10
P00010842,34
P00010942,8
P00011042,1
P00011142,1
P00011242,0
P00011342,1
P00011442,3
P00011542,0
P00011742,1
P00011842,3
P00011942,8
P00012042,1
P00012142,9
P00012242,0
P00012442,0
P00012542,0
P00012842,0
P00013142,4
P00013242,0
P00013342,0
P00013642,3
P00013742,24
P00013942,7
P00014042,8
P00014142,0
P00014242,6
P00014342,0
P00014442,0
P00014542,44
P00014642,20
P00014742,0
P00014842,19
P00014942,5
P00015042,2
P00015142,0
P00015242,6
P00015342,0
P00015442,6
P00015542,20
P00015642,38
P00015742,1
P00015842,6
P00015942,1
P00016042,7
P00016142,2
P00016342,7
P00016442,0
P00016542,2
P00016642,4
P00016742,13
P00016842,11
P00016942,0
P00017042,7
P00017142,9
P00017242,0
P00017442,0
P00017542,17
P00017642,0
P00017742,1
P00017842,0
P00017942,2
P00018042,15
P00018142,3
P00018242,5
P00018342,0
P00018442,0
P00018542,0
P00018642,0
P00018842,0
P00018942,11
P00019042,2
P00019142,0
P00019242,0
P00019342,2
P00019442,1
P00019542,0
P00019642,1
P00019842,6
P00019942,5
P00020042,1
P00020142,2
P00020242,3
P00020342,9
P00020442,1
P00020542,0
P00020642,5
P00020742,0
P00020842,9
P00021042,3
P00021142,5
P00021242,1
P00021342,4
P00021442,2
P00021542,0
P00021642,13
P00021742,71
P00021842,10
P00021942,4
P00022142,3
P00022242,0
P00022342,5
P00022442,16
P00022542,28
P00022642,10
P00022742,13
P00022842,1
P00022942,36
P00023042,7
P00023142,5
P00023242,0
P00023342,4
P00023442,0
P00023642,4
P00023742,0
P00023842,1
P00023942,0
P00024042,3
P00024142,23
P00024242,3
P00024342,5
P00024442,0
P00024542,1
P00024642,3
P00024742,18
P00024842,1
P00024942,0
P00025042,1
P00025142,0
P00025242,0
P00025342,0
P00025442,5
P00025542,15
P00025642,0
P00025942,18
P00026042,21
P00026142,2
P00026242,1
P00026342,5
P00026442,3
P00026542,3
P00026642,17
P00026742,6
P00026942,1
P00027042,2
P00027142,4
P00027242,0
P00027342,2
P00027442,10
P00027542,6
P00027642,6
P00027942,0
P00028042,8
P00028142,3
P00028242,0
P00028342,1
P00028442,11
P00028542,1
P00028642,0
P00028742,0
P00028842,3
P00029042,0
P00029142,7
P00029242,33
P00029342,3
P00029442,4
P00029542,8
P00029642,1
P00029742,1
P00029842,8
P00029942,6
P00030042,7
P00030142,2
P00030442,0
P00030542,1
P00030642,6
P00030742,3
P00030842,16
P00030942,0
P00031042,59
P00031142,1
P00031242,0
P00031342,2
P00031442,8
P00031542,2
P00031642,1
P00031742,4
P00031842,6
P00031942,1
P00032042,10
P00032142,1
P00032342,0
P00032442,16
P00032542,7
P00032642,0
P00032742,2
P00032842,27
P00032942,1
P00033042,15
P00033142,0
P00033242,0
P00033342,15
P00033442,0
P00033542,10
P00033642,18
P00033742,1
P00033842,1
P00033942,15
P00034042,5
P00034142,12
P00034242,5
P00034342,5
P00034442,9
P00034542,0
P00034642,0
P00034742,120
P00034842,45
P00034942,0
P00035042,1
P00035142,3
P00035242,9
P00035342,0
P00035442,0
P00035542,24
P00035642,0
P00035742,5
P00035842,27
P00035942,9
P00036042,1
P00036142,3
P00036242,7
P00036342,5
P00036442,1
P00036542,0
P00036642,0
P00036742,9
P00036842,17
P00036942,3
P00037042,6
P00037142,10
P00037242,5
P00037342,4
P00037442,0
P00037542,1
P00037642,0
P00037742,1
P00037842,3
P00037942,3
P00038142,0
P00038242,0
P00038342,0
P00038442,1
P00038542,0
P00039242,4
P00039442,0
P00039542,2
P00039642,0
P00039742,5
P00039942,5
P00040042,3
P00040142,0
P00040242,0
P00040342,0
P00040442,6
P00040542,1
P00040642,0
P00040742,8
P00040842,0
P00040942,1
P00041042,8
P00041142,0
P00041242,4
P00041342,2
P00041442,0
P00041542,8
P00041642,1
P00041742,0
P00041842,0
P00041942,6
P00042042,0
P00042142,3
P00042242,3
P00042342,2
P00042442,0
P00042542,3
P00042742,41
P00042842,27
P00042942,9
P00043142,0
P00043242,2
P00043342,7
P00043442,0
P00043542,4
P00043642,3
P00043742,1
P00043842,4
P00043942,2
P00044042,1
P00044142,31
P00044242,0
P00044342,4
P00044442,3
P00044542,1
P00044642,3
P00044742,0
P00044842,1
P00044942,0
P00045042,3
P00045142,6
P00045242,0
P00045342,5
P00045442,0
P00045542,7
P00045642,1
P00045742,0
P00045842,15
P00045942,0
P00046042,0
P00046142,3
P00046242,11
P00046342,0
P00046442,12
P00046542,0
P00046642,3
P00046742,13
P00046842,9
P00046942,4
P00047042,2
P00047142,0
P00047242,11
P00047442,0
P00047542,1
P00047642,0
P00047742,2
P00047842,3
P00047942,19
P00048042,2
P00048142,2
P00048242,1
P00048342,1
P00048442,27
P00048542,2
P00048642,0
P00048742,23
P00048842,1
P00048942,3
P00049042,1
P00049142,2
P00049242,1
P00049342,5
P00049442,5
P00049542,25
P00049642,10
P00049742,0
P00049842,2
P00049942,0
P00050042,2
P00050142,10
P00050242,14
P00050342,4
P00050442,5
P00050542,2
P00050642,4
P00050742,8
P00050842,1
P00050942,1
P00051042,2
P00051142,13
P00051242,0
P00051442,46
P00051542,1
P00051642,32
P00051842,0
P00051942,10
P00052042,6
P00052142,17
P00052242,15
P00052342,3
P00052442,4
P00052542,7
P00052642,28
P00052742,8
P00052842,0
P00052942,2
P00053042,21
P00053142,0
P00053342,9
P00053442,0
P00053542,9
P00053642,1
P00053742,5
P00053842,0
P00053942,5
P00054042,0
P00054142,0
P00054242,1
P00054342,0
P00054442,0
P00054542,1
P00054642,0
P00054742,2
P00054842,1
P00054942,17
P00055142,4
P00055242,1
P00055342,1
P00055442,0
P00055542,2
P00055642,0
P00055742,0
P00055842,1
P00055942,0
P00056142,4
P00056242,0
P00056442,0
P00056542,0
P00056742,0
P00056842,0
P00057042,1
P00057242,7
P00057342,0
P00057442,39
P00057542,26
P00057642,7
P00057742,0
P00057942,10
P00058042,71
P00058142,15
P00058242,13
P00058342,9
P00058442,38
P00058642,0
P00058942,0
P00059042,1
P00059142,8
P00059242,0
P00059442,6
P00059542,0
P00059642,1
P00059742,3
P00059842,1
P00059942,4
P00060142,3
P00060242,6
P00060342,0
P00060442,0
P00060542,0
P00060642,1
P00060942,0
P00061042,5
P00061142,17
P00061342,0
P00061442,0
P00061542,0
P00061742,1
P00061842,3
P00061942,1
P00062042,1
P00062142,0
P00062642,0
P00062742,15
P00062842,18
P00062942,1
P00063042,3
P00063342,6
P00063542,1
P00063842,1
P00064042,15
P00064142,4
P00064242,4
P00064342,1
P00064442,1
P00064642,0
P00064742,0
P00064842,1
P00064942,3
P00065042,27
P00065242,0
P00065342,0
P00065442,9
P00065642,0
P00065742,0
P00065842,0
P00066142,0
P00066242,7
P00066442,6
P00066542,4
P00066642,4
P00066742,0
P00066942,2
P00067042,0
P00067142,2
P00067342,0
P00067542,0
P00067642,0
P00067842,0
P00067942,20
P00068042,6
P00068142,0
P00068242,0
P00068442,0
P00068542,1
P00068742,1
P00068842,2
P00068942,5
P00069042,3
P00069142,0
P00069242,7
P00069342,2
P00069542,9
P00069942,0
P00070042,11
P00070242,1
P00070342,17
P00070442,3
P00070542,2
P00070642,0
P00070742,0
P00070942,1
P00071142,0
P00071242,5
P00071342,0
P00071442,3
P00071542,0
P00071642,1
P00071742,0
P00071842,0
P00072142,1
P00072242,0
P00072342,1
P00072442,0
P00072542,2
P00072742,2
P00072842,1
P00072942,1
P00073042,1
P00073142,0
P00073242,1
P00073642,31
P00073742,0
P00073842,18
P00073942,6
P00074042,1
P00074142,18
P00074242,3
P00074342,27
P00074442,6
P00074642,19
P00075142,0
P00075342,1
P00075442,12
P00075542,22
P00075642,0
P00075742,18
P00075842,0
P00075942,2
P00076042,9
P00076142,4
P00076242,1
P00076342,0
P00076442,1
P00076542,0
P00076642,0
P00076742,0
P00077042,4
P00077142,0
P00077442,1
P00077542,0
P00077742,0
P00077842,1
P00077942,5
P00078042,0
P00078142,22
P00078242,1
P00078442,3
P00078542,2
P00078642,0
P00078742,20
P00078842,1
P00078942,0
P00079042,1
P00079142,0
P00079442,0
P00079542,0
P00079642,7
P00079742,18
P00079842,0
P00079942,3
P00080042,10
P00080342,2
P00080542,1
P00080642,3
P00080742,1
P00080842,1
P00080942,1
P00081142,3
P00081242,0
P00081442,1
P00081542,0
P00081742,0
P00081842,1
P00081942,0
P00082242,3
P00082342,10
P00082442,0
P00082542,3
P00082742,0
P00082842,0
P00083042,0
P00083242,2
P00083342,12
P00083442,1
P00083642,1
P00083742,0
P00083842,30
P00083942,0
P00084042,0
P00084142,3
P00084242,19
P00084342,0
P00084442,0
P00084542,15
P00084642,0
P00084742,5
P00084842,42
P00084942,19
P00085042,44
P00085142,19
P00085242,39
P00085342,0
P00085442,0
P00085542,21
P00085642,20
P00085742,0
P00085842,0
P00085942,0
P00086042,28
P00086142,12
P00086242,0
P00086342,14
P00086442,40
P00086542,0
P00086642,10
P00086742,6
P00086842,0
P00086942,0
P00087042,0
P00087142,0
P00087242,1
P00087342,17
P00087442,9
P00087542,1
P00087642,7
P00087742,2
P00087842,0
P00087942,0
P00088042,1
P00088142,0
P00088242,0
P00088342,8
P00088442,3
P00088542,13
P00088642,11
P00088742,5
P00088842,6
P00088942,12
P00089042,0
P00089142,21
P00089242,0
P00089342,9
P00089442,11
P00089542,26
P00089642,2
P00089742,1
P00089842,0
P00089942,4
P00090042,0
P00090142,0
P00090242,0
P00090342,0
P00090442,0
P00090542,0
P00090742,0
P00090842,15
P00090942,5
P00091042,3
P00091142,8
P00091342,1
P00091442,0
P00091642,3
P00091842,6
P00092142,4
P00092242,0
P00092442,0
P00092542,1
P00092642,1
P00092842,2
P00092942,7
P00093042,0
P00093242,15
P00093342,6
P00093442,1
P00093542,4
P00093642,3
P0009842,3
P0009942,7
P00100042,0
P00100142,0
P00100442,0
P00100542,0
P00100642,35
P00100742,11
P00100842,52
P00100942,45
P00101042,15
P00101142,6
P00101242,6
P00101342,0
P00101442,0
P00101542,0
P00101642,0
P00101742,0
P00101842,3
P00101942,37
P00102042,4
P00102142,0
P00102242,26
P00102342,45
P00102442,21
P00102542,8
P00102642,0
P00102742,0
P00102842,5
P00102942,10
P00103042,9
P00103142,0
P00103242,13
P00103342,11
P00103442,0
P00103542,0
P00103642,0
P00103742,0
P00103842,0
P00103942,1
P00104442,1
P00104542,16
P00104642,0
P00104742,0
P00104842,14
P00104942,11
P00105042,3
P00105142,14
P00105242,0
P00105342,6
P00105442,2
P00105542,4
P00105642,8
P00105942,7
P00106042,110
P00106642,0
P00106742,5
P00106942,4
P00107042,3
P00107142,1
P00107242,0
P00107442,0
P00107542,3
P00107642,3
P00107742,0
P00107842,0
P00108042,3
P00108242,0
P00108342,0
P00108442,19
P00108542,43
P00108642,4
P00108842,13
P00108942,7
P00109042,6
P00109142,6
P00109242,6
P00109342,0
P00109542,26
P00109642,4
P00109742,15
P00109842,16
P00109942,3
P00110042,33
P00110142,0
P00110242,4
P00110342,3
P00110442,0
P00110542,54
P00110642,13
P00110742,7
P00110842,5
P00110942,2
P00111042,4
P00111142,5
P00111242,3
P00111342,2
P00111442,17
P00111542,0
P00111642,2
P00111742,8
P00111842,27
P00111942,41
P00112042,0
P00112142,10
P00112242,11
P00112342,0
P00112442,3
P00112542,4
P00112642,10
P00112742,0
P00112842,8
P00112942,0
P00113042,42
P00113142,5
P00113242,6
P00113342,2
P00113442,5
P00113542,15
P00113642,53
P00113742,8
P00113842,2
P00113942,16
P00114042,65
P00114142,32
P00114242,0
P00114342,4
P00114442,59
P00114542,40
P00114642,6
P00114742,5
P00114842,18
P00114942,5
P00115042,2
P00115142,2
P00115242,21
P00115342,42
P00115442,13
P00115542,31
P00115642,52
P00115742,1
P00115842,4
P00115942,24
P00116042,9
P00116142,0
P00116242,12
P00116342,0
P00116442,1
P00116542,34
P00116642,29
P00116742,42
P00116842,0
P00116942,0
P00117042,6
P00117142,0
P00117242,21
P00117342,2
P00117442,123
P00117542,0
P00117642,0
P00117742,12
P00117842,42
P00117942,122
P00118042,22
P00118142,14
P00118242,6
P00118342,0
P00118442,4
P00118542,49
P00118642,2
P00118742,73
P00118842,5
P00118942,11
P00119042,9
P00119142,20
P00119242,0
P00119342,0
P00119442,38
P00119542,10
P00119642,2
P00119742,54
P00119842,1
P00119942,5
P00120042,5
P00120142,29
P00120242,16
P00120342,52
P00120442,15
P00120542,16
P00120642,17
P00120742,13
P00120842,23
P00120942,16
P00121042,4
P00121142,17
P00121242,0
P00121342,1
P00121442,1
P00121542,3
P00121642,74
P00121742,0
P00121842,0
P00121942,1
P00122042,0
P00122342,1
P00122442,15
P00122542,6
P00122642,0
P00122742,0
P00122842,0
P00122942,0
P00123042,0
P00123142,3
P00123242,0
P00123342,1
P00123442,2
P00123542,1
P00123642,0
P00123742,12
P00123842,2
P00123942,1
P00124042,0
P00124142,0
P00124242,8
P00124342,7
P00124442,0
P00124542,0
P00124642,6
P00124742,0
P00124842,7
P00124942,1
P00125042,6
P00125142,15
P00125242,1
P00125342,9
P00125442,0
P00125542,3
P00125642,2
P00125742,8
P00125842,0
P00125942,12
P00126042,21
P00126142,39
P00126242,0
P00126442,1
P00126542,3
P00126642,0
P00126842,2
P00126942,2
P00127042,0
P00127142,1
P00127242,11
P00127342,15
P00127442,8
P00127542,5
P00127642,6
P00127742,7
P00127842,6
P00127942,17
P00128042,4
P00128142,4
P00128242,42
P00128342,0
P00128442,1
P00128542,1
P00128742,6
P00128942,9
P00129042,8
P00129142,3
P00129242,4
P00129342,16
P00129442,11
P00129542,58
P00129642,67
P00129742,7
P00129842,4
P00129942,1
P00130042,1
P00130142,5
P00130242,2
P00130342,0
P00130442,19
P00130542,0
P00130642,13
P00130742,11
P00130842,6
P00130942,2
P00131042,15
P00131142,1
P00131242,2
P00131342,6
P00131442,0
P00131542,6
P00131642,1
P00131742,2
P00131842,0
P00131942,1
P00132042,0
P00132242,0
P00132342,0
P00132442,2
P00132542,0
P00132642,6
P00132842,8
P00132942,2
P00133242,1
P00133342,2
P00133442,3
P00133542,1
P00133642,0
P00133742,16
P00133842,1
P00134042,1
P00134142,7
P00134242,0
P00134342,18
P00134442,0
P00134542,1
P00134642,3
P00134842,0
P00134942,3
P00135042,1
P00135142,0
P00135242,0
P00135342,1
P00135442,0
P00135542,0
P00135642,5
P00135742,5
P00135842,3
P00136142,0
P00136242,1
P00136342,0
P00136442,2
P00136542,19
P00136642,0
P00136742,8
P00136842,2
P00136942,1
P00137042,1
P00137142,0
P00137242,23
P00137442,3
P00137542,4
P00137642,3
P00137742,1
P00137842,0
P00137942,0
P00138042,0
P00138142,0
P00138242,1
P00138342,6
P00138442,9
P00138542,49
P00138642,0
P00138742,0
P00138842,0
P00139042,2
P00139142,1
P00139242,1
P00139442,0
P00139542,16
P00139742,3
P00139842,3
P00139942,42
P00140042,5
P00140242,2
P00140442,4
P00140542,3
P00140642,1
P00140742,6
P00141042,0
P00141142,0
P00141242,2
P00141442,2
P00141542,24
P00141742,0
P00141842,8
P00141942,4
P00142042,1
P00142142,21
P00142242,3
P00142342,3
P00142442,0
P00142642,0
P00142742,0
P00142842,0
P00142942,11
P00143142,3
P00143342,8
P00143542,0
P00143642,21
P00143742,0
P00143842,1
P00143942,0
P00144042,0
P00144242,23
P00144342,0
P00144442,2
P00144542,0
P00144642,16
P00144742,1
P00144842,0
P00145042,14
P00145142,1
P00145242,0
P00145342,0
P00145442,49
P00145542,1
P00145642,4
P00145742,3
P00145842,0
P00145942,7
P00146042,16
P00146142,12
P00146242,0
P00146342,0
P00146442,9
P00146542,0
P00146642,1
P00146742,8
P00146842,3
P00146942,0
P00147042,1
P00147142,1
P00147242,0
P00147342,6
P00147442,2
P00147542,0
P00147642,3
P00147742,7
P00147842,0
P00147942,5
P00148042,2
P00148242,0
P00148342,15
P00148442,0
P00148542,9
P00148642,2
P00148742,12
P00148842,3
P00148942,3
P00149142,0
P00149242,0
P00149342,0
P00149442,2
P00149542,3
P00149642,1
P00149842,0
P00149942,1
P00150042,9
P00150142,18
P00150342,33
P00150442,2
P00150542,62
P00150642,0
P00150742,11
P00150842,0
P00150942,7
P00151042,0
P00151142,3
P00151242,6
P00151342,2
P00151442,2
P00151542,0
P00151742,34
P00151842,0
P00151942,1
P00152242,2
P00152442,9
P00152542,1
P00152642,0
P00152742,26
P00152942,3
P00153042,1
P00153142,3
P00153242,0
P00153342,0
P00153442,4
P00153642,12
P00153742,36
P00153842,45
P00154042,16
P00154142,0
P00154242,16
P00154342,0
P00154442,22
P00154542,2
P00154642,39
P00154742,14
P00154842,1
P00155042,1
P00155142,7
P00155242,7
P00155342,5
P00155442,11
P00155542,0
P00155642,10
P00155742,16
P00155842,1
P00155942,0
P00156042,6
P00156142,6
P00156242,0
P00156342,0
P00156442,49
P00156542,0
P00156742,11
P00156842,0
P00157042,0
P00157142,3
P00157242,1
P00157342,7
P00157542,40
P00157642,6
P00157842,0
P00157942,3
P00158042,4
P00158142,0
P00158242,3
P00158342,9
P00158442,0
P00158542,41
P00158642,2
P00158742,9
P00158842,6
P00158942,1
P00159142,0
P00159242,1
P00159342,0
P00159442,29
P00159542,0
P00159742,0
P00159842,8
P00159942,3
P00160042,7
P00160142,1
P00160242,0
P00160342,3
P00160442,2
P00160542,0
P00160642,5
P00160842,1
P00160942,6
P00161042,0
P00161142,1
P00161242,8
P00161342,0
P00161442,29
P00161542,0
P00161742,0
P00161842,0
P00161942,64
P00162042,3
P00162242,2
P00162342,0
P00162442,4
P00162542,0
P00162642,3
P00162842,0
P00162942,0
P00163042,2
P00163142,2
P00163242,8
P00163342,2
P00163442,4
P00163542,0
P00163742,1
P00163842,14
P00163942,1
P00164042,0
P00164142,1
P00164342,1
P00164642,2
P00164742,0
P00164842,3
P00164942,1
P00165042,0
P00165142,6
P00165242,0
P00165442,15
P00165642,4
P00165742,20
P00165842,6
P00165942,2
P00166042,1
P00166142,0
P00166242,7
P00166342,1
P00166642,2
P00166742,14
P00166842,0
P00166942,0
P00167142,1
P00167442,0
P00167542,2
P00167642,2
P00167742,0
P00167842,1
P00167942,1
P00168042,1
P00168142,3
P00168342,0
P00168442,0
P00168542,1
P00168642,3
P00168742,0
P00168842,1
P00169042,2
P00169142,4
P00169442,8
P00169542,0
P00169642,1
P00169742,13
P00169942,0
P00170042,1
P00170142,2
P00170242,0
P00170342,13
P00170442,25
P00170542,5
P00170642,22
P00170842,0
P00170942,5
P00171042,0
P00171142,0
P00171242,0
P00171342,0
P00171442,1
P00171542,0
P00171642,9
P00171742,1
P00171842,4
P00171942,1
P00172142,1
P00172342,1
P00172542,4
P00172742,1
P00172842,12
P00173042,0
P00173142,0
P00173242,9
P00173342,7
P00173442,4
P00173542,10
P00173742,3
P00173842,25
P00173942,14
P00174042,0
P00174142,16
P00174242,5
P00174342,1
P00174442,68
P00174542,1
P00174642,1
P00174742,0
P00174842,3
P00174942,0
P00175042,6
P00175242,0
P00175342,0
P00175442,1
P00175542,4
P00175642,7
P00175742,3
P00175842,2
P00175942,4
P00176042,6
P00176142,2
P00176242,3
P00176342,3
P00176442,2
P00176542,16
P00176642,0
P00176742,7
P00176842,0
P00176942,8
P00177042,3
P00177142,15
P00177242,0
P00177342,24
P00177442,1
P00177542,5
P00177642,24
P00177742,17
P00177842,16
P00177942,23
P00178042,16
P00178142,29
P00178242,50
P00178342,22
P00178442,12
P00178542,14
P00178642,23
P00178742,6
P00178842,0
P00178942,65
P00179042,1
P00179142,0
P00179242,1
P00179342,0
P00179442,1
P00179542,3
P00179642,1
P00179742,0
P00179842,0
P00179942,0
P00180042,0
P00180142,0
P00180242,1
P00180342,13
P00180442,3
P00180542,0
P00180642,2
P00180742,0
P00180842,0
P00180942,0
P00181042,0
P00181142,0
P00181242,4
P00181342,0
P00181442,0
P00181542,13
P00181642,0
P00181742,1
P00181842,22
P00181942,0
P00182042,1
P00182142,7
P00182242,10
P00182342,12
P00182442,7
P00182542,4
P00182642,0
P00182742,4
P00182842,1
P00182942,0
P00183042,3
P00183142,0
P00183242,31
P00183342,17
P00183442,6
P00183542,0
P00183642,0
P00183742,0
P00183842,0
P00183942,12
P00184042,1
P00184142,22
P00184242,0
P00184342,9
P00184442,8
P00184542,3
P00184642,7
P00184742,1
P00184842,1
P00184942,3
P00185042,5
P00185142,0
P00185242,0
P00185342,5
P00185442,4
P00185542,0
P00185642,0
P00185742,0
P00185842,0
P00186042,0
P00186142,0
P00186242,0
P00186342,0
P00186442,1
P00186542,0
P00186642,0
P00186742,0
P00186842,2
P00186942,2
P00187042,0
P00187142,0
P00187242,0
P00187342,0
P00187442,0
P00187642,0
P00187742,0
P00187842,7
P00187942,0
P00188042,3
P00188242,3
P00188342,0
P00188442,40
P00188542,25
P00188642,0
P00188742,26
P00188842,4
P00188942,6
P00189042,4
P00189142,9
P00189242,2
P00189342,5
P00189442,0
P00189542,6
P00189642,21
P00189742,0
P00189842,14
P00189942,0
P00190042,16
P00190142,18
P00190242,0
P00190342,0
P00190442,0
P00190542,12
P00190742,16
P00190842,0
P00190942,7
P00191042,7
P00191142,0
P00191242,3
P00191342,0
P00191442,18
P00191542,0
P00191642,15
P00191742,0
P00191842,0
P00191942,0
P00192042,30
P00192142,0
P00192242,6
P00192342,0
P00192442,0
P00192542,15
P00192642,4
P00192742,2
P00192842,27
P00192942,25
P00193042,9
P00193142,8
P00193242,8
P00193342,0
P00193442,8
P00193542,8
P00193642,0
P00193742,3
P00193842,6
P00193942,0
P00194042,4
P00194142,0
P00194242,0
P00194342,5
P00194442,13
P00194542,22
P00194642,10
P00194842,1
P00194942,0
P00195042,0
P00195142,1
P00195242,6
P00195342,0
P00195442,15
P00195542,0
P00195642,5
P00195742,11
P00195842,12
P00195942,8
P00196042,0
P00196142,16
P00196242,5
P00196342,0
P00196442,18
P00196542,16
P00196642,7
P00196742,3
P00196842,3
P00196942,0
P00197042,28
P00197142,4
P00197242,0
P00197342,4
P00197442,3
P00197542,10
P00197742,1
P00197842,1
P00197942,4
P00198042,20
P00198142,0
P00198242,0
P00198342,2
P00198442,0
P00198542,3
P00198642,4
P00198742,12
P00198842,2
P00198942,1
P00199042,1
P00199142,3
P00199342,0
P00199442,51
P00199642,0
P00199742,1
P00199842,0
P00199942,1
P00200042,0
P00200142,1
P00200242,7
P00200342,0
P00200442,0
P00200642,0
P00200742,0
P00200842,5
P00200942,2
P00201042,0
P00201142,0
P00201342,7
P00201442,3
P00201542,8
P00201642,0
P00201742,0
P00201942,0
P00202042,0
P00202142,9
P00202242,0
P00202342,0
P00202442,3
P00202542,0
P00202742,16
P00202942,0
P00203142,0
P00203442,0
P00203742,0
P00203942,0
P00204142,1
P00204242,2
P00204342,3
P00204542,0
P00204742,7
P00204842,1
P00204942,3
P00205042,4
P00205142,5
P00205242,2
P00205342,0
P00205442,25
P00205642,9
P00205742,0
P00205842,4
P00205942,32
P00206042,9
P00206142,1
P00206342,2
P00206442,12
P00206642,0
P00206742,0
P00206842,0
P00207042,2
P00207142,1
P00207242,3
P00207342,6
P00207442,3
P00207542,1
P00207642,0
P00207742,1
P00207842,0
P00207942,3
P00208042,4
P00208142,2
P00208242,4
P00208342,4
P00208442,1
P00208542,3
P00208742,7
P00208842,1
P00208942,0
P00209142,7
P00209242,2
P00209342,1
P00209442,0
P00209542,0
P00209642,2
P00209742,4
P00209842,32
P00209942,1
P00210042,49
P00210142,0
P00210242,0
P00210342,16
P00210442,4
P00210542,2
P00210642,10
P00210742,1
P00210942,32
P00211042,7
P00211142,33
P00211242,10
P00211442,2
P00211542,3
P00211642,0
P00211942,3
P00212042,0
P00212142,6
P00212242,19
P00212342,1
P00212442,1
P00212542,5
P00212642,0
P00212742,16
P00212842,3
P00212942,50
P00213042,7
P00213142,0
P00213242,71
P00213342,2
P00213442,0
P00213542,0
P00213642,1
P00213742,19
P00213842,0
P00213942,2
P00214142,20
P00214242,7
P00214342,12
P00214442,25
P00214542,3
P00214642,0
P00214742,0
P00214842,5
P00214942,2
P00215042,0
P00215142,0
P00215242,1
P00215342,2
P00215442,4
P00215542,1
P00215642,14
P00215742,5
P00215842,2
P00215942,2
P00216042,32
P00216142,5
P00216242,3
P00216342,40
P00216442,2
P00216542,7
P00216742,26
P00216842,2
P00216942,4
P00217042,0
P00217142,5
P00217242,3
P00217342,2
P00217442,3
P00217542,3
P00217642,0
P00217742,11
P00217842,1
P00217942,15
P00218042,8
P00218142,3
P00218242,4
P00218342,5
P00218442,6
P00218542,1
P00218642,6
P00218742,0
P00218842,0
P00218942,2
P00219042,0
P00219142,0
P00219242,0
P00219342,3
P00219442,0
P00219542,2
P00219642,1
P00219742,7
P00219842,10
P00219942,2
P00220042,2
P00220142,13
P00220242,18
P00220342,43
P00220442,136
P00220542,1
P00220642,9
P00220742,0
P00220842,0
P00220942,0
P00221042,7
P00221142,4
P00221242,7
P00221342,10
P00221442,7
P00221542,27
P00221642,2
P00221742,5
P00221842,12
P00221942,6
P00222042,9
P00222142,9
P00222242,2
P00222342,1
P00222442,8
P00222542,1
P00222642,5
P00222742,1
P00222842,15
P00222942,4
P00223042,5
P00223142,20
P00223242,30
P00223342,0
P00223542,14
P00223642,2
P00223742,0
P00223842,0
P00223942,11
P00224042,6
P00224142,16
P00224242,0
P00224342,1
P00224442,3
P00224542,3
P00224742,6
P00224842,4
P00224942,0
P00225042,8
P00225142,4
P00225342,0
P00225442,1
P00225542,4
P00225642,0
P00225742,0
P00225842,0
P00225942,0
P00226042,0
P00226142,4
P00226242,1
P00226342,9
P00226442,1
P00226542,3
P00226642,0
P00226742,0
P00226842,1
P00226942,0
P00227042,0
P00227142,15
P00227342,0
P00227542,0
P00227642,7
P00227742,13
P00227842,0
P00227942,0
P00228042,1
P00228142,2
P00228242,7
P00228342,4
P00228442,3
P00228542,0
P00228642,15
P00228742,1
P00228842,0
P00228942,2
P00229042,1
P00229142,1
P00229342,6
P00229442,0
P00229642,4
P00229742,4
P00229842,3
P00229942,3
P00230042,0
P00230142,0
P00230242,2
P00230342,14
P00230442,2
P00230542,1
P00230642,2
P00230742,3
P00230842,26
P00230942,34
P00231042,0
P00231142,1
P00231242,8
P00231342,4
P00231442,0
P00231742,0
P00231842,0
P00231942,3
P00232042,0
P00232142,0
P00232242,0
P00232342,0
P00232442,12
P00232542,1
P00232642,7
P00232742,0
P00232842,0
P00232942,0
P00233042,6
P00233142,4
P00233242,3
P00233342,6
P00233442,6
P00233542,8
P00233642,5
P00233742,4
P00233842,8
P00233942,8
P00234142,6
P00234242,0
P00234442,0
P00234542,12
P00234642,4
P00234742,17
P00234842,34
P00235042,0
P00235142,0
P00235242,3
P00235342,1
P00235442,3
P00235542,1
P00235642,3
P00235742,0
P00235842,2
P00235942,0
P00236042,0
P00236342,3
P00236442,3
P00236542,4
P00236642,0
P00236942,0
P00237042,2
P00237142,3
P00237242,6
P00237342,0
P00237442,4
P00237542,9
P00237642,27
P00237742,1
P00237842,1
P00237942,8
P00238042,0
P00238142,0
P00238342,2
P00238442,4
P00238542,16
P00238642,1
P00238742,0
P00238942,1
P00239142,1
P00239242,2
P00239342,0
P00239642,1
P00239742,0
P00239842,5
P00239942,1
P00240042,15
P00240142,68
P00240242,4
P00240342,0
P00240442,14
P00240542,2
P00240642,2
P00240742,0
P00240842,5
P00240942,1
P00241042,6
P00241142,5
P00241242,3
P00241342,3
P00241442,0
P00241542,9
P00241642,11
P00241742,3
P00241942,2
P00242042,5
P00242142,7
P00242342,2
P00242442,0
P00242542,2
P00242642,1
P00242742,25
P00242842,0
P00242942,2
P00243242,4
P00243342,1
P00243442,1
P00243542,0
P00243642,0
P00243742,0
P00243842,4
P00243942,11
P00244042,16
P00244142,13
P00244242,7
P00244342,7
P00244442,2
P00244542,0
P00244642,0
P00244742,11
P00244842,1
P00244942,0
P00245042,0
P00245142,1
P00245242,0
P00245342,3
P00245442,0
P00245542,0
P00245642,41
P00245742,0
P00245842,1
P00245942,0
P00246042,0
P00246142,2
P00246242,0
P00246342,17
P00246442,1
P00246542,0
P00246642,2
P00246742,0
P00246842,2
P00246942,3
P00247042,29
P00247142,9
P00247242,1
P00247442,0
P00247542,4
P00247642,1
P00247742,1
P00247942,4
P00248042,1
P00248142,52
P00248242,0
P00248342,21
P00248442,8
P00248542,21
P00248642,0
P00248742,26
P00248842,0
P00248942,2
P00249042,0
P00249142,19
P00249342,3
P00249442,3
P00249542,22
P00249642,18
P00249742,29
P00249842,9
P00250042,0
P00250242,57
P00250342,5
P00250442,0
P00250542,0
P00250642,13
P00250742,0
P00250842,26
P00250942,2
P00251042,0
P00251142,0
P00251242,90
P00251342,3
P00251442,5
P00251542,3
P00251642,8
P00251742,1
P00251842,11
P00251942,8
P00252042,11
P00252142,2
P00252242,0
P00252342,0
P00252442,15
P00252542,9
P00252642,3
P00252742,4
P00252842,4
P00252942,0
P00253042,11
P00253142,11
P00253242,4
P00253342,1
P00253442,3
P00253542,16
P00253642,0
P00253742,2
P00253942,3
P00254042,0
P00254142,9
P00254242,17
P00254342,9
P00254442,4
P00254542,6
P00254642,14
P00254742,0
P00254842,0
P00254942,0
P00255042,0
P00255142,0
P00255242,3
P00255342,6
P00255442,0
P00255542,6
P00255642,0
P00255742,10
P00255842,2
P00255942,9
P00256042,0
P00256142,0
P00256242,1
P00256342,0
P00256442,0
P00256542,1
P00256642,16
P00256742,5
P00256842,6
P00256942,0
P00257042,6
P00257242,0
P00257442,1
P00257542,5
P00257642,3
P00257742,0
P00257842,0
P00257942,0
P00258042,0
P00258142,0
P00258242,2
P00258342,0
P00258442,21
P00258542,2
P00258642,0
P00258742,75
P00258842,10
P00258942,5
P00259042,10
P00259142,13
P00259242,4
P00259342,61
P00259442,0
P00259542,0
P00259642,1
P00259742,1
P00259842,3
P00259942,5
P00260042,80
P00260142,3
P00260242,3
P00260342,1
P00260442,13
P00260542,1
P00260642,1
P00260842,0
P00260942,0
P00261142,8
P00261242,7
P00261342,2
P00261442,1
P00261542,0
P00261642,2
P00261842,0
P00262042,0
P00262242,11
P00262342,4
P00262442,0
P00262542,4
P00262642,0
P00262742,0
P00262942,1
P00263042,0
P00263142,4
P00263442,7
P00263542,3
P00263642,0
P00263742,0
P00263842,3
P00264042,0
P00264142,0
P00264242,2
P00264342,0
P00264542,0
P00264642,9
P00264742,0
P00264842,0
P00264942,0
P00265042,1
P00265142,2
P00265242,177
P00265342,0
P00265442,2
P00265542,9
P00265642,3
P00265742,22
P00265842,1
P00265942,0
P00266042,8
P00266142,8
P00266242,0
P00266342,0
P00266442,7
P00266542,0
P00266642,8
P00266742,0
P00266842,4
P00266942,9
P00267042,0
P00267142,5
P00267242,0
P00267342,0
P00267442,0
P00267542,9
P00267642,2
P00267742,7
P00267842,0
P00267942,2
P00268042,0
P00268242,3
P00268342,12
P00268442,45
P00268542,6
P00268742,0
P00268842,1
P00269042,0
P00269242,1
P00269342,0
P00269442,0
P00269542,4
P00269642,0
P00269742,0
P00269842,1
P00269942,0
P00270042,1
P00270142,3
P00270242,24
P00270442,0
P00270542,5
P00270642,1
P00270842,31
P00270942,14
P00271042,2
P00271142,76
P00271242,11
P00271342,3
P00271442,0
P00271542,0
P00271642,0
P00271742,0
P00271842,1
P00271942,14
P00272042,2
P00272142,3
P00272242,8
P00272542,5
P00272842,7
P00272942,3
P00273042,4
P00273142,1
P00273242,1
P00273342,0
P00273442,0
P00273542,9
P00273642,7
P00273742,3
P00273942,15
P00274042,1
P00274142,1
P00274242,3
P00274342,0
P00274442,0
P00274542,1
P00274642,0
P00274842,2
P00274942,43
P00275042,1
P00275142,1
P00275242,1
P00275342,0
P00275442,1
P00275542,3
P00275642,18
P00275742,1
P00275842,0
P00275942,1
P00276042,0
P00276142,0
P00276242,4
P00276342,21
P00276442,0
P00276542,3
P00276642,10
P00276742,1
P00276842,0
P00276942,1
P00277042,0
P00277142,0
P00277242,1
P00277342,0
P00277442,14
P00277542,13
P00277642,0
P00277742,6
P00277842,6
P00277942,7
P00278042,3
P00278142,0
P00278242,0
P00278342,1
P00278442,2
P00278542,4
P00278642,127
P00278742,1
P00278942,3
P00279142,0
P00279242,0
P00279342,3
P00279442,9
P00279542,28
P00279642,1
P00279742,0
P00279842,1
P00279942,8
P00280042,0
P00280142,0
P00280242,1
P00280342,0
P00280442,3
P00280542,1
P00280642,1
P00280742,1
P00280842,5
P00280942,0
P00281042,16
P00281142,0
P00281542,3
P00281642,2
P00281742,14
P00281842,0
P00281942,1
P00282042,25
P00282142,5
P00282242,22
P00282342,0
P00282442,22
P00282542,1
P00282642,35
P00282742,10
P00282842,0
P00282942,0
P00283042,0
P00283142,0
P00283242,3
P00283342,2
P00283442,1
P00283542,0
P00283642,0
P00283742,0
P00283842,1
P00283942,46
P00284042,14
P00284142,4
P00284242,0
P00284342,0
P00284542,0
P00284642,22
P00284742,10
P00284842,1
P00284942,6
P00285042,1
P00285242,7
P00285342,18
P00285442,12
P00285542,3
P00285642,0
P00285742,15
P00285842,42
P00285942,0
P00286042,0
P00286142,0
P00286242,3
P00286342,0
P00286442,3
P00286542,10
P00286642,6
P00286742,6
P00286842,13
P00286942,0
P00287142,2
P00287242,11
P00287342,20
P00287442,6
P00287542,5
P00287642,2
P00287742,1
P00287842,5
P00287942,2
P00288042,15
P00288142,1
P00288242,14
P00288342,18
P00288442,8
P00288542,18
P00288642,7
P00288742,2
P00288842,2
P00288942,6
P00289042,32
P00289142,0
P00289242,5
P00289342,29
P00289442,1
P00289542,2
P00289642,8
P00289742,2
P00289842,11
P00289942,16
P00290042,4
P00290142,1
P00290242,1
P00290342,3
P00290542,2
P00290742,0
P00290942,1
P00291042,8
P00291242,2
P00291342,1
P00291442,12
P00291542,0
P00291642,0
P00291742,0
P00291942,1
P00292042,4
P00292242,0
P00292342,1
P00292442,0
P00292542,1
P00292642,0
P00292742,3
P00292942,0
P00293042,7
P00293142,3
P00293242,32
P00293342,25
P00293542,2
P00293742,15
P00293842,1
P00293942,0
P00294042,6
P00294142,13
P00294242,0
P00294342,2
P00294442,8
P00294542,21
P00294642,2
P00294842,5
P00295042,1
P00295242,6
P00295342,0
P00295442,10
P00295542,3
P00295742,13
P00295842,21
P00295942,0
P00296042,34
P00296142,3
P00296242,17
P00296342,6
P00296442,0
P00296542,7
P00296642,0
P00296742,2
P00296842,0
P00296942,13
P00297042,14
P00297242,0
P00297342,9
P00297442,0
P00297542,3
P00297642,8
P00297742,13
P00297842,4
P00297942,19
P00298042,1
P00298142,9
P00298242,8
P00298442,4
P00298542,2
P00298742,1
P00298842,0
P00298942,5
P00299142,30
P00299242,2
P00299442,6
P00299542,7
P00299642,1
P00299842,4
P00299942,2
P00300042,2
P00300242,1
P00300342,1
P00300442,3
P00300542,1
P00300642,2
P00300942,1
P00301042,1
P00301242,1
P00301542,4
P00301642,0
P00301742,1
P00301842,3
P00302042,4
P00302142,12
P00302342,23
P00302442,14
P00302542,3
P00302642,5
P00302742,11
P00302842,8
P00302942,27
P00303042,23
P00303142,8
P00303242,51
P00303342,7
P00303442,10
P00303542,2
P00303642,8
P00303742,11
P00303842,15
P00303942,4
P00304042,13
P00304142,12
P00304242,0
P00304342,3
P00304442,3
P00304542,4
P00304642,0
P00304742,3
P00304842,18
P00304942,3
P00305042,1
P00305142,8
P00305242,2
P00305342,0
P00305442,1
P00305542,1
P00305642,0
P00305742,1
P00305942,0
P00306042,0
P00306142,1
P00306242,2
P00306442,0
P00306542,0
P00306742,0
P00307142,4
P00307242,1
P00307342,20
P00307442,2
P00307542,9
P00307642,16
P00307742,2
P00307842,0
P00307942,0
P00308142,0
P00308242,14
P00308342,3
P00308442,2
P00308542,1
P00308642,0
P00308942,0
P00309142,8
P00309242,11
P00309342,0
P00309442,1
P00309542,3
P00309742,0
P00309942,4
P00310042,1
P00310142,2
P00310242,0
P00310342,2
P00310442,2
P00310542,4
P00310642,0
P00310842,0
P00310942,0
P00311042,0
P00311342,1
P00311442,2
P00311542,7
P00311642,8
P00311742,0
P00311842,0
P00311942,0
P00312142,13
P00312342,8
P00312442,0
P00312742,21
P00312842,9
P00312942,2
P00313042,11
P00313142,20
P00313242,17
P00313342,45
P00313442,33
P00313542,42
P00313642,1
P00313742,0
P00313842,0
P00313942,1
P00314042,0
P00314142,6
P00314242,3
P00314342,0
P00314642,1
P00314942,0
P00315042,4
P00315442,0
P00315542,2
P00315642,20
P00315742,4
P00315842,8
P00315942,1
P00316042,0
P00316142,1
P00316242,0
P00316342,0
P00316442,1
P00316542,0
P00316642,0
P00316742,0
P00316842,0
P00316942,0
P00317042,1
P00317142,0
P00317242,1
P00317342,1
P00317442,3
P00317542,0
P00317642,0
P00317842,54
P00317942,12
P00318042,0
P00318142,0
P00318342,1
P00318542,1
P00318642,0
P00318742,14
P00318942,11
P00319042,63
P00319142,12
P00319242,1
P00319342,41
P00319442,1
P00319542,6
P00319642,0
P00319742,0
P00319842,4
P00319942,5
P00320042,2
P00320142,3
P00320242,0
P00320342,0
P00320442,1
P00320542,1
P00320642,0
P00320742,9
P00320842,5
P00320942,8
P00321042,8
P00321142,0
P00321342,3
P00321442,0
P00321542,1
P00321642,3
P00321742,29
P00321842,1
P00321942,16
P00322042,13
P00322142,8
P00322242,0
P00322342,1
P00322442,2
P00322542,1
P00322742,0
P00322942,0
P00323042,12
P00323242,0
P00323342,0
P00323442,9
P00323542,8
P00323642,18
P00323742,10
P00323842,0
P00323942,44
P00324142,0
P00324242,0
P00324342,5
P00324442,8
P00324542,4
P00324642,10
P00324742,0
P00324842,5
P00324942,52
P00325142,3
P00325242,4
P00325542,0
P00325642,0
P00325742,0
P00325842,1
P00325942,1
P00326042,0
P00326242,0
P00326442,1
P00326542,1
P00326642,8
P00326742,22
P00326842,1
P00326942,14
P00327042,3
P00327142,5
P00327242,42
P00327342,1
P00327442,3
P00327542,12
P00327642,0
P00327742,0
P00327842,30
P00327942,1
P00328042,27
P00328142,8
P00328242,3
P00328342,7
P00328442,4
P00328642,0
P00328742,1
P00328842,1
P00328942,6
P00329142,0
P00329242,9
P00329342,10
P00329442,34
P00329542,8
P00329642,7
P00329742,0
P00329942,1
P00330042,2
P00330242,5
P00330342,7
P00330442,20
P00330542,1
P00330642,7
P00330742,0
P00330842,0
P00331042,33
P00331142,3
P00331242,0
P00331342,7
P00331442,2
P00331542,10
P00331642,0
P00331742,3
P00331842,1
P00331942,56
P00332042,0
P00332142,1
P00332242,12
P00332342,7
P00332442,2
P00332642,0
P00332842,0
P00332942,9
P00333042,8
P00333242,1
P00333342,0
P00333442,0
P00333542,3
P00333642,1
P00333742,0
P00333842,0
P00334042,2
P00334142,2
P00334242,4
P00334342,3
P00334442,0
P00334642,3
P00334742,0
P00334842,0
P00334942,0
P00335042,0
P00335142,2
P00335242,14
P00335442,6
P00335542,5
P00335742,1
P00335842,1
P00335942,2
P00336042,4
P00336142,3
P00336342,0
P00336542,0
P00336642,2
P00336742,0
P00336942,28
P00337142,0
P00337242,0
P00337342,0
P00337442,5
P00337542,11
P00337642,10
P00337742,2
P00337842,15
P00337942,7
P00338042,3
P00338142,3
P00338342,2
P00338442,19
P00338542,2
P00338642,1
P00338742,1
P00338842,1
P00338942,0
P00339042,16
P00339242,0
P00339342,1
P00339442,0
P00339542,3
P00339642,0
P00339742,1
P00339842,5
P00339942,1
P0034,0
P00340042,1
P00340142,0
P00340242,0
P00340342,0
P00340442,0
P00340542,1
P00340642,5
P00340842,0
P00340942,2
P00341242,1
P00341342,1
P00341442,1
P00341742,1
P00341842,0
P00341942,2
P00342042,0
P00342142,0
P00342242,0
P00342342,1
P00342442,0
P00342542,0
P00342642,4
P00342742,14
P00342842,0
P00342942,1
P00343042,50
P00343142,0
P00343242,0
P00343342,0
P00343442,0
P00343542,4
P00343642,0
P00343742,1
P00343842,0
P00343942,0
P00344042,0
P00344142,0
P00344242,23
P00344342,13
P00344442,20
P00344542,5
P00344742,4
P00344842,0
P00344942,0
P00345042,0
P00345142,0
P00345242,5
P00345342,0
P00345442,0
P00345542,0
P00345642,11
P00345742,9
P00345842,0
P00345942,7
P00346042,5
P00346142,10
P00346242,3
P00346342,12
P00346442,6
P00346542,0
P00346642,7
P00346742,1
P00346842,0
P00346942,4
P00347042,1
P00347142,9
P00347242,4
P00347342,3
P00347442,0
P00347542,3
P00347642,9
P00347742,1
P00347842,1
P00347942,0
P00348042,0
P00348242,15
P00348342,3
P00348442,4
P00348542,2
P00348642,5
P00348742,1
P00348842,1
P00348942,15
P00349142,1
P00349242,9
P00349342,3
P00349442,0
P00349542,1
P00349642,0
P00349742,4
P00349842,4
P00349942,5
P00350042,1
P00350142,4
P00350242,2
P00350342,8
P00350442,0
P00350542,2
P00350642,6
P00350842,1
P00350942,22
P00351042,13
P00351142,6
P00351242,6
P00351342,18
P00351442,1
P00351542,0
P00351642,3
P00351742,1
P00351842,7
P00351942,0
P00352142,4
P00352242,9
P00352342,0
P00352442,2
P00352542,0
P00352642,2
P00352742,3
P00352842,0
P00352942,2
P00353142,4
P00353242,0
P00353342,1
P00353442,0
P00353542,0
P00353642,1
P00353842,2
P00353942,0
P00354042,0
P00354142,1
P00354242,4
P00354342,20
P00354442,6
P00354542,6
P00354642,4
P00354742,2
P00354842,2
P00354942,8
P00355042,0
P00355142,6
P00355242,3
P00355342,4
P00355642,8
P00355742,2
P00355942,11
P00356042,4
P00356142,1
P00356242,1
P00356342,0
P00356442,0
P00356542,1
P00356642,1
P00356742,20
P00356842,0
P00356942,19
P00357042,10
P00357142,2
P00357242,18
P00357342,0
P00357642,14
P00357742,0
P00357842,7
P00357942,4
P00358042,2
P00358142,0
P00358242,4
P00358342,1
P00358442,5
P00358542,0
P00358642,1
P00358742,8
P00358842,1
P00358942,1
P00359042,0
P00359142,4
P00359242,3
P00359342,2
P00359442,2
P00359542,0
P00359642,0
P00359742,13
P00359942,0
P00360042,11
P00360142,1
P00360242,3
P00360542,0
P00360642,0
P00360742,2
P00360842,4
P00360942,0
P00361042,1
P00361142,0
P00361242,2
P00361342,3
P00361442,0
P00361542,0
P00361642,3
P00361842,10
P00361942,2
P00362042,2
P00362342,28
P00362442,6
P00362542,1
P00362642,10
P00362742,6
P00362842,14
P00362942,1
P00363042,0
P00363242,4
P00363342,0
P00363442,1
P00363542,0
P00363742,6
P00363942,0
P00364042,0
P00364142,2
P00364442,5
P00364642,1
P00364742,0
P00364842,17
P00364942,1
P00365042,2
P00365142,3
P00365242,48
P00365342,0
P00365542,0
P00365642,2
P00365742,0
P00365842,0
P00366242,0
P00366342,0
P00366442,3
P00366542,34
P00366642,0
P00366742,0
P00366842,3
P00366942,4
P00367042,10
P00367142,4
P00367242,0
P00367342,0
P00367442,2
P00367542,2
P00367642,0
P00367742,0
P00367842,0
P00367942,5
P00368042,0
P00368142,0
P00368242,8
P00368342,7
P00368442,6
P00368542,0
P00368642,6
P00368842,0
P00368942,0
P00369042,3
P00369142,2
P00369242,0
P00369342,0
P00369442,0
P00369742,3
P00369942,0
P00370042,5
P00370142,1
P00370242,42
P00370342,12
P00370442,1
P00370542,0
P00370642,17
P0093742,0
P0093842,1
P0093942,3
P0094042,1
P0094142,0
P0094242,0
P0094342,0
P0094442,0
P0094542,0
P0094642,0
P0094742,0
P0094842,0
P0094942,0
P0095042,0
P0095142,0
P0095242,0
P0095342,0
P0095442,0
P0095542,0
P0095642,7
P0095742,0
P0095842,21
P0095942,5
P0096042,5
P0096142,12
P0096342,5
P0096442,0
P0096542,17
P0096642,0
P0096742,0
P0096842,14
P0096942,4
P0097042,2
P0097142,0
P0097242,3
P0097342,10
P0097442,0
P0097642,0
P0097742,16
P0097842,8
P0097942,3
P0098042,0
P0098142,3
P0098242,9
P0098342,2
P0098442,1
P0098542,3
P0098642,1
P0098742,4
P0098842,0
P0098942,1
P0099042,6
P0099142,0
P0099242,8
P0099342,40
P0099442,3
P0099642,0
P0099742,7
P0099842,6
P0099942,0
